City Id,City,Country,Lat,Lon,Max Temp,Humdiity,Cloudiness,Wind Speed,Weather description
0,Hobart,AU,-42.88,147.33,46.0,81,75,6.93,broken clouds
1,Bredasdorp,ZA,-34.53,20.04,53.6,87,9,5.82,clear sky
2,Shubarkuduk,KZ,49.14,56.49,61.77,63,100,9.01,overcast clouds
3,Fort Nelson,CA,58.81,-122.7,62.6,77,90,5.82,moderate rain
4,Saldanha,ZA,-33.01,17.94,50.0,87,1,4.7,clear sky
5,Fort Saint James,CA,54.43,-124.25,64.71,44,67,14.88,light rain
6,Leshukonskoye,RU,64.9,45.76,55.85,93,13,3.31,few clouds
7,Albany,US,42.6,-73.97,87.01,42,0,6.71,clear sky
8,Vestmannaeyjar,IS,63.44,-20.27,52.18,75,11,6.89,few clouds
9,Vardo,NO,70.37,31.11,58.28,83,80,20.69,broken clouds
10,Lagoa,PT,39.05,-27.98,72.54,82,69,9.86,broken clouds
11,Dingle,PH,11.0,122.67,76.68,89,100,1.5,overcast clouds
12,Awjilah,LY,29.11,21.29,82.6,37,0,16.53,clear sky
13,Vaini,TO,-21.2,-175.2,77.0,88,40,10.29,scattered clouds
14,Olinda,BR,-8.01,-34.86,75.2,88,40,4.7,scattered clouds
15,Zeya,RU,53.75,127.27,56.59,74,0,3.65,clear sky
16,Saskylakh,RU,71.92,114.08,40.26,71,6,4.54,clear sky
17,Punta Arenas,CL,-53.15,-70.92,41.0,65,40,32.21,scattered clouds
18,New Norfolk,AU,-42.78,147.06,46.0,88,98,3.31,light rain
19,Brae,GB,60.4,-1.35,55.4,93,100,6.93,light rain
20,Ribeira Grande,PT,38.52,-28.7,73.04,80,25,9.71,scattered clouds
21,Chuy,UY,-33.7,-53.46,47.8,68,0,6.58,clear sky
22,Energetik,RU,51.74,58.79,53.85,83,13,6.13,few clouds
23,Bethel,US,41.37,-73.41,89.01,38,1,9.17,clear sky
24,Kieta,PG,-6.22,155.63,83.25,70,100,5.1,light rain
25,Avera,US,33.19,-82.53,80.6,88,90,5.82,overcast clouds
26,Puerto Ayora,EC,-0.74,-90.35,73.4,64,84,18.34,broken clouds
27,Esfahan,IR,32.66,51.68,73.4,15,0,9.17,clear sky
28,Namibe,AO,-15.2,12.15,63.21,83,4,3.8,clear sky
29,Aguimes,ES,27.91,-15.45,86.0,35,0,25.28,clear sky
30,Shunyi,CN,40.12,116.65,71.01,93,33,2.24,scattered clouds
31,Khiri Mat,TH,16.83,99.8,76.23,90,100,1.83,overcast clouds
32,Kangavar,IR,34.5,47.97,60.8,25,0,2.24,clear sky
33,Coquimbo,CL,-29.95,-71.34,51.8,87,90,9.17,overcast clouds
34,Yar-Sale,RU,66.83,70.83,48.24,92,0,9.69,clear sky
35,Gwadar,PK,25.12,62.33,82.74,83,96,6.04,overcast clouds
36,Georgetown,MY,5.41,100.34,80.6,94,20,3.36,few clouds
37,Maroua,CM,10.59,14.32,73.94,94,100,0.81,moderate rain
38,Mataura,NZ,-46.19,168.86,46.0,98,98,3.0,overcast clouds
39,Nouakchott,MR,18.09,-15.98,84.2,83,40,18.34,scattered clouds
40,Bouar,CF,5.93,15.6,66.69,97,100,2.57,overcast clouds
41,Pierre,US,44.37,-100.35,99.0,28,1,3.36,clear sky
42,Hermanus,ZA,-34.42,19.23,57.0,86,17,4.0,few clouds
43,Atar,MR,20.52,-13.05,101.17,18,72,2.95,broken clouds
44,Avarua,CK,-21.21,-159.78,77.0,73,11,16.11,few clouds
45,Bengkulu,ID,-3.8,102.27,75.16,87,64,3.96,broken clouds
46,Rikitea,PF,-23.12,-134.97,66.92,72,84,19.17,broken clouds
47,Hit,IQ,33.64,42.83,84.54,26,0,9.24,clear sky
48,Atuona,PF,-9.8,-139.03,78.17,79,48,18.57,light rain
49,Tasiilaq,GL,65.61,-37.64,48.2,64,47,10.29,scattered clouds
50,Rio Gallegos,AR,-51.62,-69.22,44.6,65,75,24.16,broken clouds
51,Sitka,US,57.05,-135.33,60.8,77,40,5.82,scattered clouds
52,Mount Gambier,AU,-37.83,140.77,42.8,93,75,6.93,broken clouds
53,Kapaa,US,22.08,-159.32,86.0,62,20,13.87,few clouds
54,Lebu,CL,-37.62,-73.65,50.0,84,0,9.28,clear sky
55,Sobolevo,RU,54.43,31.9,55.18,89,66,5.35,broken clouds
56,Qui Nhon,VN,13.77,109.23,78.6,80,72,4.99,broken clouds
57,Khatanga,RU,71.97,102.5,49.1,73,0,7.14,clear sky
58,Kuopio,FI,62.89,27.68,62.6,93,90,12.75,light intensity shower rain
59,Waingapu,ID,-9.66,120.26,72.23,78,29,6.46,scattered clouds
60,Henstedt-Ulzburg,DE,53.78,10.0,62.01,93,31,9.17,scattered clouds
61,Barrow,US,71.29,-156.79,42.8,87,90,23.04,overcast clouds
62,Necochea,AR,-38.55,-58.74,53.01,52,0,8.99,clear sky
63,Hilo,US,19.73,-155.09,84.2,66,90,6.93,overcast clouds
64,Tiksi,RU,71.69,128.87,40.46,91,100,3.8,light rain
65,Richards Bay,ZA,-28.78,32.04,65.08,68,0,12.68,clear sky
66,Pacific Grove,US,36.62,-121.92,80.01,60,75,6.93,haze
67,Roald,NO,62.58,6.13,59.0,93,100,16.11,moderate rain
68,Alta Floresta,BR,-9.88,-56.09,83.17,28,1,2.82,clear sky
69,Butaritari,KI,3.07,172.79,83.03,63,100,7.07,overcast clouds
70,Bluff,NZ,-46.6,168.33,46.0,98,100,1.99,overcast clouds
71,Ushuaia,AR,-54.8,-68.3,44.6,56,40,17.22,shower rain
72,Hasaki,JP,35.73,140.83,77.0,94,75,10.29,thunderstorm with heavy rain
73,Busselton,AU,-33.65,115.33,48.99,87,38,9.66,scattered clouds
74,Makakilo City,US,21.35,-158.09,89.6,48,75,5.82,broken clouds
75,Lucapa,AO,-8.42,20.74,73.65,52,51,2.53,broken clouds
76,Talnakh,RU,69.49,88.4,57.2,67,51,11.18,broken clouds
77,Puerto Leguizamo,CO,-0.19,-74.78,77.09,73,84,3.69,broken clouds
78,Rawson,AR,-43.3,-65.1,58.23,36,0,2.01,clear sky
79,Afua,BR,-0.16,-50.39,78.31,86,36,3.69,moderate rain
80,Bambous Virieux,MU,-20.34,57.76,71.6,73,40,11.41,scattered clouds
81,Verkhnyaya Inta,RU,65.98,60.31,43.11,95,21,3.65,few clouds
82,Fare,PF,-16.7,-151.02,77.13,77,11,19.89,few clouds
83,Jamestown,US,42.1,-79.24,82.0,51,20,8.05,few clouds
84,Arraial Do Cabo,BR,-22.97,-42.03,66.2,68,75,11.41,broken clouds
85,Norman Wells,CA,65.28,-126.83,68.0,56,40,13.87,scattered clouds
86,Tobane,BW,-21.95,27.9,51.93,75,2,5.48,clear sky
87,Gwanda,ZW,-20.93,29.0,50.79,80,0,5.95,clear sky
88,Impfondo,CG,1.64,18.07,72.03,96,100,0.72,light rain
89,Ponta Do Sol,PT,32.67,-17.1,75.2,69,40,14.99,scattered clouds
90,Bathsheba,BB,13.22,-59.52,86.0,70,20,11.41,few clouds
91,Kahului,US,20.89,-156.47,86.0,62,40,18.34,scattered clouds
92,Faanui,PF,-16.48,-151.75,77.2,78,6,22.46,clear sky
93,Kirksville,US,40.19,-92.58,88.0,55,20,6.93,few clouds
94,Mandalgovi,MN,45.76,106.27,59.02,51,99,5.41,overcast clouds
95,Nandyal,IN,15.48,78.48,76.89,85,97,6.51,light rain
96,Yulara,AU,-25.24,130.99,48.2,49,0,8.05,clear sky
97,Hearst,CA,49.68,-83.67,75.74,43,99,5.19,overcast clouds
98,Macusani,PE,-14.08,-70.43,44.29,65,57,6.13,light rain
99,Vila Franca Do Campo,PT,37.72,-25.43,73.4,83,20,3.36,few clouds
100,Nikolskoye,RU,59.7,30.79,64.4,68,97,6.71,overcast clouds
101,Saraza,PH,8.74,117.78,79.52,79,75,2.8,broken clouds
102,Castro,BR,-24.79,-50.01,45.75,92,15,7.65,few clouds
103,Tuktoyaktuk,CA,69.45,-133.04,57.2,76,20,10.29,few clouds
104,Bontang,ID,0.13,117.5,77.04,90,85,5.53,overcast clouds
105,Clyde River,CA,70.47,-68.59,50.5,70,93,7.07,overcast clouds
106,Avesta,SE,60.15,16.17,63.0,77,4,5.01,clear sky
107,Muros,ES,42.78,-9.06,64.0,84,1,1.01,clear sky
108,Aljezur,PT,37.32,-8.8,64.0,86,0,14.34,clear sky
109,Beringovskiy,RU,63.05,179.32,54.99,78,81,9.6,broken clouds
110,Deputatskiy,RU,69.3,139.9,33.12,93,97,0.81,overcast clouds
111,Ushtobe,KZ,45.25,77.98,67.51,27,100,2.1,overcast clouds
112,Changli,CN,39.7,119.15,65.93,80,15,2.39,few clouds
113,Saint George,US,37.1,-113.58,104.0,24,1,9.17,clear sky
114,Whitehorse,CA,60.72,-135.05,64.4,55,75,2.46,broken clouds
115,Port Alfred,ZA,-33.59,26.89,59.85,67,0,10.29,clear sky
116,Komsomolskiy,UZ,40.43,71.72,71.6,46,0,6.93,clear sky
117,Ferme-Neuve,CA,46.7,-75.45,70.65,88,22,4.34,light rain
118,Morehead,US,37.27,-87.18,80.6,100,90,5.93,moderate rain
119,Port Macquarie,AU,-31.43,152.92,55.0,47,0,4.0,clear sky
120,Naze,JP,28.37,129.48,84.2,94,75,3.36,broken clouds
121,Tuatapere,NZ,-46.13,167.68,46.0,98,100,1.99,overcast clouds
122,Nishihara,JP,26.18,127.76,80.6,88,75,6.93,broken clouds
123,Huilong,CN,31.81,121.66,84.0,91,0,5.61,clear sky
124,San Policarpo,PH,12.18,125.51,80.15,85,100,7.2,light rain
125,Yellowknife,CA,62.46,-114.35,60.01,58,75,14.99,broken clouds
126,Gravdal,NO,68.12,13.5,56.48,92,100,14.47,overcast clouds
127,Cape Town,ZA,-33.93,18.42,53.01,93,3,6.93,clear sky
128,Goksun,TR,38.02,36.5,77.0,31,0,18.34,clear sky
129,Yerbogachen,RU,61.28,108.01,47.7,68,27,5.79,scattered clouds
130,Albertville,US,34.27,-86.21,84.0,83,90,4.7,moderate rain
131,Lahij,YE,13.17,44.58,86.04,52,64,1.88,light rain
132,Port Elizabeth,ZA,-33.92,25.57,55.4,93,0,4.7,clear sky
133,Hambantota,LK,6.12,81.12,78.8,100,40,2.24,scattered clouds
134,Pakokku,MM,21.33,95.1,80.2,79,99,7.11,overcast clouds
135,Severo-Kurilsk,RU,50.68,156.12,52.18,82,38,12.68,scattered clouds
136,Kodiak,US,57.79,-152.41,60.8,72,1,8.05,clear sky
137,Zambezi,ZM,-13.54,23.1,66.24,34,0,8.03,clear sky
138,Hami,CN,42.8,93.45,74.57,28,0,7.27,clear sky
139,Saint-Michel-Des-Saints,CA,46.68,-73.92,72.0,6,37,3.62,scattered clouds
140,San Ramon,US,37.78,-121.98,98.01,33,20,6.93,haze
141,Tougan,BF,13.07,-3.07,75.45,75,88,4.56,overcast clouds
142,Alugan,PH,12.22,125.48,79.47,87,100,7.0,light rain
143,Dapaong,TG,10.86,0.2,73.72,88,92,4.54,light rain
144,Constantine,DZ,36.37,6.61,77.0,47,20,5.82,few clouds
145,Bardsir,IR,29.92,56.57,84.2,28,20,6.93,few clouds
146,Provideniya,RU,64.38,-173.3,51.26,83,100,5.66,light rain
147,Watsa,CD,3.04,29.54,64.74,99,74,2.46,broken clouds
148,Adrar,MR,20.5,-10.07,101.46,9,30,5.59,scattered clouds
149,Qaanaaq,GL,77.48,-69.36,38.16,83,100,2.44,overcast clouds
150,Ankazoabo,MG,-22.28,44.52,62.53,74,0,5.7,clear sky
151,Kamina,CD,-8.74,24.99,73.92,36,68,3.53,broken clouds
152,Lashio,MM,22.93,97.75,68.92,100,100,0.47,moderate rain
153,Rudbar,AF,30.15,62.6,83.97,15,0,8.59,clear sky
154,Bama,NG,11.52,13.69,75.88,87,100,9.01,light rain
155,Quelimane,MZ,-17.88,36.89,71.6,73,56,2.24,broken clouds
156,San Andres,CO,12.58,-81.7,86.0,74,40,4.7,scattered clouds
157,Kharhial,IN,20.28,82.77,75.81,91,100,4.76,overcast clouds
158,Nanortalik,GL,60.14,-45.24,46.98,72,6,2.21,clear sky
159,Padre Bernardo,BR,-15.35,-48.5,74.73,54,61,6.22,broken clouds
160,Chokurdakh,RU,70.63,147.92,35.04,96,98,6.22,overcast clouds
161,Geraldton,AU,-28.77,114.6,59.0,87,90,5.82,overcast clouds
162,Salina,US,38.84,-97.61,95.0,34,1,10.29,clear sky
163,Iqaluit,CA,63.75,-68.51,48.2,70,20,6.93,few clouds
164,Saint-Francois,FR,46.42,3.91,68.0,64,92,6.93,overcast clouds
165,Ahipara,NZ,-35.17,173.17,60.03,84,41,9.46,scattered clouds
166,Camacha,PT,33.08,-16.33,73.4,73,20,10.29,few clouds
167,Mahebourg,MU,-20.41,57.7,71.6,73,40,11.41,scattered clouds
168,Izhma,RU,65.01,53.91,53.4,80,83,2.17,broken clouds
169,East London,ZA,-33.02,27.91,66.04,36,0,7.99,clear sky
170,Cardenas,CU,23.04,-81.2,89.6,66,40,3.36,scattered clouds
171,Torbay,CA,47.67,-52.73,68.0,49,20,5.82,few clouds
172,Mehamn,NO,71.04,27.85,59.31,77,51,15.1,broken clouds
173,Kudahuvadhoo,MV,2.67,72.89,83.75,69,49,7.74,scattered clouds
174,Ostrovnoy,RU,68.05,39.51,58.68,75,0,16.44,clear sky
175,Aksu,CN,41.12,80.26,72.5,41,1,2.8,clear sky
176,Xique-Xique,BR,-10.82,-42.73,83.01,44,28,3.78,scattered clouds
177,Labuhan,ID,-6.88,112.21,75.69,86,4,7.58,clear sky
178,Tateyama,JP,34.98,139.87,79.0,85,100,3.0,moderate rain
179,Szentgotthard,HU,46.95,16.27,70.0,60,78,4.0,moderate rain
180,Meulaboh,ID,4.14,96.13,74.32,87,86,4.27,overcast clouds
181,Namestovo,SK,49.41,19.48,66.99,99,78,8.01,light rain
182,Kuzino,RU,57.02,59.44,45.19,97,48,3.71,scattered clouds
183,Tarko-Sale,RU,64.92,77.78,48.99,95,77,11.59,very heavy rain
184,Bitola,MK,41.03,21.34,68.99,53,0,1.28,clear sky
185,Hirado,JP,33.36,129.55,78.01,94,75,9.17,broken clouds
186,Kahta,TR,37.79,38.62,69.8,43,0,8.05,clear sky
187,Fortuna,US,40.6,-124.16,66.99,72,40,13.87,scattered clouds
188,Sao Joao Da Barra,BR,-21.64,-41.05,64.4,93,90,11.41,overcast clouds
189,Broken Hill,AU,-31.95,141.43,39.2,86,3,8.05,clear sky
190,Russell,US,32.35,-85.2,91.4,49,1,6.93,clear sky
191,Chifeng,CN,42.27,118.96,62.96,80,73,6.53,broken clouds
192,Damghan,IR,36.17,54.35,71.56,51,0,10.04,clear sky
193,Dikson,RU,73.51,80.55,47.89,75,95,7.61,overcast clouds
194,Nome,US,64.5,-165.41,55.4,87,90,12.75,overcast clouds
195,Peniche,PT,39.36,-9.38,66.99,86,0,8.99,clear sky
196,Coihaique,CL,-45.58,-72.07,51.8,57,75,8.05,broken clouds
197,Shiyan,CN,32.65,110.78,71.58,89,100,0.83,overcast clouds
198,Socorro,US,31.65,-106.3,100.4,34,5,6.93,clear sky
199,Balad,IQ,34.02,44.15,81.64,28,0,6.06,clear sky
200,Koutiala,ML,12.39,-5.46,72.1,86,77,0.49,broken clouds
201,Kaitangata,NZ,-46.28,169.85,51.01,81,58,10.0,broken clouds
202,Malegaon,IN,20.55,74.53,76.28,82,100,11.61,overcast clouds
203,Voyvozh,RU,62.89,54.96,46.26,97,2,3.58,clear sky
204,Milledgeville,US,33.08,-83.23,80.01,94,40,3.36,light rain
205,Yangliuqing,CN,39.14,117.0,69.8,88,45,4.47,scattered clouds
206,Lorengau,PG,-2.02,147.27,82.58,75,71,1.45,broken clouds
207,Inza,RU,53.85,46.36,50.2,93,1,4.12,clear sky
208,Pospelikha,RU,51.95,81.77,60.26,65,100,8.93,overcast clouds
209,Port Moresby,PG,-9.44,147.18,75.2,94,40,6.93,scattered clouds
210,Thinadhoo,MV,0.53,72.93,82.78,76,34,6.64,light rain
211,Hobyo,SO,5.35,48.53,75.81,81,94,23.2,overcast clouds
212,San Patricio,MX,19.22,-104.7,89.6,75,75,11.41,broken clouds
213,Micheweni,TZ,-4.97,39.83,76.44,76,87,14.36,overcast clouds
214,Ilulissat,GL,69.22,-51.1,46.4,61,0,2.24,clear sky
215,Boyolangu,ID,-8.12,111.89,75.31,88,77,3.76,broken clouds
216,Upernavik,GL,72.79,-56.15,44.08,71,85,10.58,overcast clouds
217,Kouroussa,GN,10.65,-9.88,73.58,92,98,2.46,light rain
218,Lompoc,US,34.64,-120.46,82.99,60,1,14.99,clear sky
219,Arman,RU,59.7,150.17,48.87,51,97,13.22,overcast clouds
220,Pangnirtung,CA,66.15,-65.71,54.07,57,0,4.16,clear sky
221,Ahuimanu,US,21.44,-157.84,89.6,62,40,10.29,scattered clouds
222,Soe,ID,-9.86,124.28,62.49,65,0,4.65,clear sky
223,Banda Aceh,ID,5.56,95.32,78.39,78,95,6.24,overcast clouds
224,Belaya Gora,RU,68.53,146.42,39.04,74,80,7.36,broken clouds
225,Paragominas,BR,-2.97,-47.48,80.67,53,48,2.91,scattered clouds
226,Kajaani,FI,64.23,27.73,59.0,100,90,9.17,overcast clouds
227,Severinia,BR,-20.81,-48.8,62.15,60,3,9.78,clear sky
228,Quatre Cocos,MU,-20.21,57.76,71.6,73,40,11.41,scattered clouds
229,Srednekolymsk,RU,67.45,153.68,36.39,93,100,11.77,overcast clouds
230,Ixtapa,MX,20.7,-105.2,89.01,74,20,11.41,few clouds
231,Kautokeino,NO,69.01,23.04,56.43,91,40,18.9,scattered clouds
232,Pinega,RU,64.7,43.39,57.45,89,0,4.38,clear sky
233,Ginir,ET,7.13,40.7,59.85,83,100,11.97,overcast clouds
234,Hamilton,US,39.18,-84.53,81.0,69,1,5.82,clear sky
235,Dzaoudzi,YT,-12.79,45.27,71.6,88,38,2.24,scattered clouds
236,Victoria,HK,22.29,114.16,81.0,78,10,1.7,clear sky
237,San Cristobal,VE,7.77,-72.22,91.4,38,40,17.22,scattered clouds
238,Cherskiy,RU,68.75,161.3,36.66,94,100,22.73,light rain
239,Thompson,CA,55.74,-97.86,53.6,66,75,9.17,broken clouds
240,Kyshtovka,RU,56.55,76.63,50.36,96,75,5.39,broken clouds
241,Olga,RU,43.74,135.29,60.19,71,21,3.47,few clouds
242,Manggar,ID,-2.88,108.27,80.64,84,92,10.69,overcast clouds
243,San-Pedro,CI,4.75,-6.64,74.95,91,60,8.03,light rain
244,Cabo San Lucas,MX,22.89,-109.91,91.4,52,5,9.17,clear sky
245,Shaoyang,CN,27.23,111.45,77.14,89,63,0.47,broken clouds
246,Khasan,RU,42.43,130.64,64.98,92,95,6.46,overcast clouds
247,Tomatlan,MX,19.93,-105.25,86.81,74,58,8.88,light rain
248,Saint Peter,BB,13.25,-59.62,86.0,70,20,11.41,few clouds
249,Kavaratti,IN,10.57,72.64,82.47,77,56,11.27,light rain
250,Luan,CH,46.36,6.98,71.6,53,75,9.17,broken clouds
251,Shimoda,JP,34.67,138.95,72.0,91,100,6.33,light rain
252,Paranga,RU,56.7,49.4,51.94,92,12,6.91,few clouds
253,Kirakira,SB,-10.45,161.92,83.1,76,100,10.71,overcast clouds
254,Palana,RU,59.12,159.97,46.51,80,98,8.16,overcast clouds
255,Tarakan,ID,3.3,117.63,78.58,88,100,5.5,light rain
256,Augusto Correa,BR,-1.02,-46.63,77.47,86,0,4.83,clear sky
257,Grand Baie,MU,-20.02,57.58,69.01,77,5,5.01,clear sky
258,Constitucion,CL,-35.33,-72.42,54.5,89,7,13.09,clear sky
259,Ambon,ID,-3.7,128.18,75.2,94,40,3.36,light rain
260,Kuzhener,RU,56.81,48.91,51.87,91,19,6.6,few clouds
261,Port Hardy,CA,50.7,-127.42,55.4,93,90,5.82,light rain
262,Anloga,GH,5.79,0.9,75.2,94,20,8.05,few clouds
263,Puerto Madryn,AR,-42.77,-65.04,63.52,30,0,15.86,clear sky
264,Taywarah,AF,33.35,64.42,46.54,54,0,1.48,clear sky
265,Macapa,BR,0.04,-51.07,87.8,66,20,8.05,few clouds
266,Gogrial,SS,8.53,28.1,73.83,88,78,3.6,broken clouds
267,Tura,IN,25.52,90.22,72.75,98,52,4.47,light rain
268,Wynyard,AU,-41.0,145.72,43.0,69,16,21.99,few clouds
269,Sao Joao Do Piaui,BR,-8.36,-42.25,85.37,28,1,6.26,clear sky
270,Pampierstad,ZA,-27.78,24.69,50.52,48,0,7.72,clear sky
271,Krasnokamensk,RU,50.1,118.04,57.94,90,100,2.91,light rain
272,Cidreira,BR,-30.18,-50.21,53.38,72,0,5.91,clear sky
273,Kampong Chhnang,KH,12.17,104.55,76.59,87,91,3.29,overcast clouds
274,Vale,GE,41.62,42.87,66.2,93,90,2.24,overcast clouds
275,Enshi,CN,30.3,109.48,72.23,86,61,0.63,broken clouds
276,Bilibino,RU,68.05,166.44,41.4,88,100,3.38,light rain
277,Saint-Pierre,RE,-21.34,55.48,66.2,59,0,5.82,clear sky
278,Bloemfontein,ZA,-29.12,26.21,37.4,59,0,3.36,clear sky
279,Fukue,JP,32.69,128.84,83.84,70,47,1.92,scattered clouds
280,Sjenica,RS,43.27,20.0,60.73,71,0,2.55,clear sky
281,Sioux Lookout,CA,50.1,-91.92,69.8,83,90,3.36,thunderstorm
282,Madimba,TZ,-10.4,40.33,73.4,88,75,9.48,broken clouds
283,Sanmenxia,CN,34.77,111.18,69.42,86,71,6.93,broken clouds
284,Shingu,JP,33.73,135.98,77.05,84,85,4.18,overcast clouds
285,Saint-Joseph,RE,-21.37,55.62,66.2,59,16,5.82,few clouds
286,Mpanda,TZ,-6.37,31.04,71.89,44,73,5.12,broken clouds
287,Half Moon Bay,US,37.46,-122.43,87.01,82,1,10.29,clear sky
288,Pevek,RU,69.7,170.31,38.21,98,100,4.81,light rain
289,Aras,ES,42.56,-2.36,68.0,68,20,9.17,few clouds
290,Leningradskiy,RU,69.38,178.42,49.05,76,4,4.0,clear sky
291,Saint-Augustin,CA,51.23,-58.65,63.3,69,98,3.8,overcast clouds
292,Hovd,MN,48.01,91.64,56.25,56,75,1.57,broken clouds
293,Teguldet,RU,57.31,88.17,48.6,97,27,4.27,scattered clouds
294,Port-Gentil,GA,-0.72,8.78,77.0,78,90,13.67,overcast clouds
295,Hithadhoo,MV,-0.6,73.08,82.87,80,9,15.03,clear sky
296,Mahenge,TZ,-8.68,36.72,63.68,66,73,2.3,broken clouds
297,Abu Samrah,SY,35.3,37.18,71.46,67,0,6.58,clear sky
298,Carnarvon,AU,-24.87,113.63,64.4,88,93,11.41,overcast clouds
299,Kadan,CZ,50.38,13.27,57.99,93,1,1.12,clear sky
300,George Town,MY,5.41,100.34,80.6,94,20,3.36,few clouds
301,Sangar,RU,63.92,127.47,44.49,66,26,1.61,scattered clouds
302,Sola,VU,-13.88,167.55,78.8,94,90,18.97,overcast clouds
303,Amapa,BR,1.0,-52.0,80.56,67,55,5.32,broken clouds
304,Baracoa,CU,20.35,-74.5,84.16,76,72,10.2,broken clouds
305,Cayenne,GF,4.93,-52.33,84.2,66,3,3.36,clear sky
306,Antigonish,CA,45.62,-62.0,70.0,63,29,4.0,scattered clouds
307,Sivaki,RU,52.63,126.75,56.95,93,0,4.29,clear sky
308,Okhotsk,RU,59.38,143.3,54.81,49,90,9.28,overcast clouds
309,Kysyl-Syr,RU,63.9,122.76,42.98,66,0,6.58,clear sky
310,Sorong,ID,-0.88,131.25,77.13,86,35,9.89,scattered clouds
311,Bay Saint Louis,US,30.31,-89.33,89.6,74,40,6.93,scattered clouds
312,Acarau,BR,-2.89,-40.12,78.04,74,3,15.21,clear sky
313,Pangody,RU,65.85,74.49,53.58,87,100,12.19,overcast clouds
314,Nadym,RU,65.53,72.52,53.49,91,99,13.87,overcast clouds
315,Sao Filipe,CV,14.9,-24.5,79.07,80,26,4.03,scattered clouds
316,Alofi,NU,-19.06,-169.92,78.8,78,38,14.99,scattered clouds
317,The Valley,AI,18.22,-63.06,84.2,74,20,16.11,few clouds
318,Ancud,CL,-41.87,-73.82,50.0,81,98,12.75,overcast clouds
319,Wewak,PG,-3.55,143.63,81.48,79,11,5.03,few clouds
320,Ishigaki,JP,24.34,124.16,82.4,100,75,24.16,light intensity shower rain
321,Balakliya,UA,49.46,36.86,60.8,59,0,2.24,clear sky
322,Aldan,RU,58.6,125.39,46.69,78,10,1.5,clear sky
323,Vetovo,BG,43.7,26.27,72.73,54,0,5.93,clear sky
324,Touros,BR,-5.2,-35.46,77.0,83,75,10.29,broken clouds
325,Oyama,JP,36.3,139.8,82.99,94,75,4.7,mist
326,Nexo,DK,55.06,15.13,68.0,88,0,13.87,clear sky
327,Emerald,AU,-23.53,148.17,48.2,43,0,8.05,clear sky
328,Tautira,PF,-17.73,-149.15,80.6,69,40,4.7,scattered clouds
329,Westport,US,41.14,-73.36,88.0,66,1,10.29,clear sky
330,Erdaojiang,CN,41.78,126.03,65.1,91,97,2.01,light rain
331,Salalah,OM,17.02,54.09,77.0,100,90,4.7,light intensity drizzle
332,Airai,TL,-8.93,125.41,57.78,48,79,4.07,broken clouds
333,Bonthe,SL,7.53,-12.51,76.06,92,100,8.32,light rain
334,Evensk,RU,61.95,159.23,49.75,62,100,11.52,overcast clouds
335,Mineiros,BR,-17.57,-52.55,59.45,72,75,7.25,broken clouds
336,Teya,RU,60.38,92.63,50.88,91,100,2.66,overcast clouds
337,Kalmunai,LK,7.42,81.82,79.75,75,40,11.16,scattered clouds
338,Kuusamo,FI,65.97,29.18,59.0,87,90,13.87,overcast clouds
339,Vostok,RU,46.49,135.88,56.19,82,100,2.8,overcast clouds
340,Carutapera,BR,-1.2,-46.02,78.67,83,2,8.3,clear sky
341,Laguna,US,38.42,-121.42,93.2,36,40,3.67,haze
342,Mao,ES,39.89,4.27,75.2,88,0,6.93,clear sky
343,Pisco,PE,-13.7,-76.22,64.4,72,40,6.93,scattered clouds
344,Pontes E Lacerda,BR,-15.23,-59.34,61.92,47,56,3.44,broken clouds
345,Yaan,NG,7.38,8.57,73.92,94,100,6.53,moderate rain
346,Kokstad,ZA,-30.55,29.42,48.47,41,0,4.65,clear sky
347,Itupeva,BR,-23.15,-47.06,59.0,71,20,23.04,few clouds
348,Antofagasta,CL,-23.65,-70.4,57.2,71,75,10.29,broken clouds
349,Dergachi,RU,51.23,48.77,56.44,70,98,7.38,overcast clouds
350,Iquitos,PE,-3.75,-73.25,68.0,77,90,5.82,overcast clouds
351,Basco,PH,20.45,121.97,84.27,79,100,24.87,overcast clouds
352,Fairbanks,US,64.84,-147.72,72.0,43,20,6.93,few clouds
353,Klaksvik,FO,62.23,-6.59,46.4,75,100,14.99,overcast clouds
354,Gurupi,BR,-11.73,-49.07,88.52,24,61,2.84,broken clouds
355,La Sarre,CA,48.8,-79.2,68.25,68,45,3.15,scattered clouds
356,Mandurah,AU,-32.55,115.7,59.0,75,68,3.0,broken clouds
357,Tuy Hoa,VN,13.08,109.3,77.88,83,100,6.73,overcast clouds
358,Grindavik,IS,63.84,-22.43,48.2,93,0,3.36,clear sky
359,Katsuura,JP,35.13,140.3,78.01,85,100,3.0,moderate rain
360,Ginda,IN,30.69,78.49,64.69,90,77,1.52,light rain
361,Turukhansk,RU,65.82,87.98,55.81,95,100,4.29,light rain
362,Caraballeda,VE,10.61,-66.85,75.99,72,98,3.0,light rain
363,Trat,TH,12.5,102.5,76.37,91,86,4.0,overcast clouds
364,General Teran,MX,25.27,-99.68,100.29,19,0,11.9,clear sky
365,Namatanai,PG,-3.67,152.43,81.07,77,70,2.66,light rain
366,Sandwick,GB,60.0,-1.25,55.4,93,81,6.93,broken clouds
367,Mahon,ES,39.89,4.27,75.2,88,0,6.93,clear sky
368,Dodge City,US,37.75,-100.02,95.0,30,1,11.41,clear sky
369,Roma,US,43.21,-75.46,84.2,51,75,11.41,broken clouds
370,Aklavik,CA,68.22,-135.01,55.4,82,75,4.7,broken clouds
371,Hirara,JP,24.8,125.28,80.6,94,75,27.51,light intensity shower rain
372,Nunchia,CO,5.64,-72.2,74.84,84,99,2.3,light rain
373,Requena,ES,39.49,-1.1,73.0,67,0,1.99,clear sky
374,Tam Ky,VN,15.57,108.48,78.8,88,40,3.36,scattered clouds
375,Longyearbyen,SJ,78.22,15.64,41.0,69,40,9.17,scattered clouds
376,El Dorado,US,33.21,-92.67,86.0,66,94,4.7,overcast clouds
377,Portland,US,45.52,-122.68,78.01,50,20,10.29,few clouds
378,Mecca,SA,21.43,39.83,90.09,31,8,2.8,clear sky
379,Ulaangom,MN,49.98,92.07,54.0,71,0,6.35,clear sky
380,Kavieng,PG,-2.57,150.8,82.96,71,4,2.1,clear sky
381,Kasempa,ZM,-13.46,25.83,63.34,55,0,10.58,clear sky
382,Egvekinot,RU,66.32,-179.17,47.97,95,100,9.17,light rain
383,Clocolan,ZA,-28.91,27.57,39.09,72,0,1.14,clear sky
384,Chapais,CA,49.78,-74.85,66.2,52,75,6.93,broken clouds
385,Pingliang,CN,35.54,106.69,65.82,88,100,4.54,overcast clouds
386,Yuncheng,CN,35.02,110.99,68.94,86,76,4.88,broken clouds
387,Rocha,UY,-34.48,-54.33,46.85,71,0,5.68,clear sky
388,Milkovo,RU,54.72,158.62,53.87,69,95,9.26,overcast clouds
389,Tianpeng,CN,30.99,103.94,75.0,99,100,2.42,light rain
390,Kiunga,PG,-6.12,141.29,72.54,96,66,1.86,broken clouds
391,Presidencia Roque Saenz Pena,AR,-26.79,-60.44,56.28,39,0,5.84,clear sky
392,Kologriv,RU,58.83,44.32,54.01,88,0,3.11,clear sky
393,Santa Maria Del Oro,MX,25.93,-105.37,87.35,26,53,13.2,broken clouds
394,Najran,SA,17.49,44.13,86.0,23,3,3.62,clear sky
395,Hofn,IS,64.25,-15.21,49.8,75,49,3.51,scattered clouds
396,Abalak,RU,58.13,68.59,47.34,97,36,4.63,scattered clouds
397,Quchan,IR,37.11,58.51,68.5,42,0,2.01,clear sky
398,San Quintin,MX,30.48,-115.95,79.29,66,1,9.48,clear sky
399,Waddan,LY,29.16,16.14,75.43,60,0,8.84,clear sky
400,Zabaykalsk,RU,49.63,117.32,60.4,83,100,0.69,overcast clouds
401,Sangmelima,CM,2.93,11.98,69.19,98,100,3.6,moderate rain
402,Souillac,MU,-20.52,57.52,71.6,73,40,11.41,scattered clouds
403,Mar Del Plata,AR,-38.0,-57.56,59.0,64,0,9.17,clear sky
404,Kamaishi,JP,39.27,141.88,74.98,85,100,2.8,overcast clouds
405,Dongsheng,CN,39.82,109.98,65.17,87,99,7.67,moderate rain
406,Lira,UG,2.23,32.91,64.4,93,33,2.86,light rain
407,Saint Anthony,US,45.02,-93.22,88.0,58,1,3.36,clear sky
408,Imbituba,BR,-28.24,-48.67,57.2,67,0,4.7,clear sky
409,Manaus,BR,-3.1,-60.02,82.4,61,20,3.36,few clouds
410,Hartford,US,41.77,-72.77,82.99,51,75,8.05,broken clouds
411,Areosa,PT,41.72,-8.86,70.0,88,6,10.29,clear sky
412,Kars,TR,40.6,43.09,55.4,76,40,6.93,scattered clouds
413,Yeppoon,AU,-23.13,150.73,59.0,28,0,10.29,clear sky
414,Asyut,EG,27.18,31.18,82.4,54,0,9.17,clear sky
415,Zalesovo,RU,53.99,84.74,54.3,76,100,5.37,overcast clouds
416,Nioki,CD,-2.72,17.68,75.36,86,100,1.88,overcast clouds
417,Mossendjo,CG,-2.95,12.73,67.87,97,93,1.88,overcast clouds
418,Bubaque,GW,11.28,-15.83,80.46,83,68,10.33,broken clouds
419,Raga,SS,8.46,25.68,70.45,96,90,2.71,moderate rain
420,Tsaratanana,MG,-16.78,47.65,64.26,66,47,12.93,scattered clouds
421,Namtsy,RU,62.72,129.67,37.4,59,0,8.95,smoke
422,Valparaiso,CL,-33.04,-71.63,52.0,100,90,14.99,overcast clouds
423,Tignere,CM,7.37,12.65,65.05,99,99,1.5,overcast clouds
424,Pio Ix,BR,-6.84,-40.58,81.57,30,60,8.97,broken clouds
425,Broome,US,42.25,-75.83,84.0,39,40,4.21,scattered clouds
426,Aksehir,TR,38.36,31.42,63.1,60,2,6.33,clear sky
427,Avon,US,41.45,-82.04,84.2,48,1,6.93,clear sky
428,Kismayo,SO,-0.36,42.55,76.6,81,65,17.22,broken clouds
429,Conceicao Do Mato Dentro,BR,-19.04,-43.42,56.75,93,100,4.81,light rain
430,Paamiut,GL,61.99,-49.67,43.63,92,44,9.35,scattered clouds
431,Vila Velha,BR,-20.33,-40.29,64.4,88,90,16.11,mist
432,Santa Rosa,PH,14.31,121.11,80.6,88,100,2.24,overcast clouds
433,Yining,CN,29.04,114.56,74.28,89,15,1.48,light rain
434,Taoudenni,ML,22.68,-3.98,105.48,8,53,10.38,broken clouds
435,Yeniseysk,RU,58.45,92.17,49.78,96,38,3.6,scattered clouds
436,Hvolsvollur,IS,63.75,-20.22,52.0,83,0,7.0,clear sky
437,Dromolaxia,CY,34.88,33.59,82.0,69,0,2.24,clear sky
438,Manitouwadge,CA,49.12,-85.84,69.8,64,75,5.82,broken clouds
439,Samaipata,BO,-18.15,-63.87,43.83,80,24,3.13,few clouds
440,Te Anau,NZ,-45.42,167.72,44.2,83,100,1.03,overcast clouds
441,Kiama,AU,-34.68,150.87,51.01,58,8,25.99,clear sky
442,Udachnyy,RU,66.42,112.4,41.0,80,0,4.47,clear sky
443,Bonavista,CA,48.65,-53.11,63.0,80,36,1.01,scattered clouds
444,Yuli,NG,9.7,10.27,74.32,89,95,2.28,light rain
445,Lata,PT,40.16,-8.33,64.99,79,0,3.51,clear sky
446,Piedras,CO,4.54,-74.88,84.88,50,94,5.12,overcast clouds
447,Soyo,AO,-6.13,12.37,73.69,87,4,5.5,clear sky
448,Gamboula,CF,4.12,15.14,69.73,97,100,2.21,overcast clouds
449,Zhangye,CN,38.93,100.45,61.47,72,100,5.77,overcast clouds
450,Aswan,EG,24.09,32.91,84.16,28,0,10.16,clear sky
451,Los Llanos De Aridane,ES,28.66,-17.92,75.2,83,7,14.99,clear sky
452,Beisfjord,NO,68.38,17.6,59.0,100,100,9.17,moderate rain
453,Buraydah,SA,26.33,43.98,91.4,22,41,11.41,scattered clouds
454,Esperance,AU,-33.87,121.9,50.0,87,40,10.29,scattered clouds
455,Kloulklubed,PW,7.04,134.26,77.0,94,75,1.43,broken clouds
456,Pyaozerskiy,RU,65.83,31.17,60.35,75,94,9.71,overcast clouds
457,Townsville,AU,-19.25,146.8,66.2,39,67,11.41,broken clouds
458,Vanimo,PG,-2.67,141.3,79.0,84,27,4.29,light rain
459,Novobirilyussy,RU,56.95,90.67,48.7,97,13,4.97,few clouds
460,Wageningen,NL,51.97,5.67,64.0,72,90,12.75,overcast clouds
461,Hervey Bay,AU,-25.3,152.85,51.8,50,0,1.12,clear sky
462,Petropavlovsk-Kamchatskiy,RU,53.05,158.65,59.0,51,0,13.42,clear sky
463,Floro,NO,61.6,5.03,59.0,82,100,17.22,moderate rain
464,Tchollire,CM,8.4,14.17,72.23,97,100,2.13,moderate rain
465,Codrington,AU,-38.27,141.97,47.84,81,47,17.09,light rain
466,Rimini,IT,44.02,12.52,81.0,83,0,1.12,clear sky
467,Dumas,US,35.87,-101.97,95.0,24,1,9.17,clear sky
468,Chamba,IN,32.57,76.13,69.19,66,11,3.85,few clouds
469,Kalemie,CD,-5.95,29.19,71.24,56,36,2.35,scattered clouds
470,Chute-Aux-Outardes,CA,49.12,-68.4,64.4,52,75,12.75,broken clouds
471,Loandjili,CG,-4.76,11.86,73.4,88,75,5.37,broken clouds
472,Yazman,PK,29.12,71.74,94.26,46,62,13.49,broken clouds
473,Itoman,JP,26.12,127.67,80.6,88,75,6.93,broken clouds
474,Ketchikan,US,55.34,-131.65,57.2,100,90,8.05,light rain
475,Jinchang,CN,38.5,102.17,60.57,77,100,8.25,light rain
476,Bucerias,MX,20.75,-105.33,89.01,74,20,11.41,few clouds
477,Mujiayingzi,CN,42.12,118.78,61.36,81,74,7.92,broken clouds
478,Saint-Philippe,RE,-21.36,55.77,69.8,59,35,5.82,scattered clouds
479,Barguzin,RU,53.62,109.62,55.9,86,95,3.56,light rain
480,Mae Sot,TH,16.72,98.57,74.05,94,100,2.19,moderate rain
481,Pahrump,US,36.21,-115.98,106.0,17,91,1.01,overcast clouds
482,Marmaris,TR,36.85,28.27,86.0,73,0,4.7,clear sky
483,Payo,ID,-3.75,103.64,73.51,84,54,1.97,broken clouds
484,Tromso,NO,69.65,18.96,55.4,93,40,8.05,scattered clouds
485,Kaniama,CD,-7.57,24.18,72.07,40,11,2.44,few clouds
486,Husavik,IS,66.04,-17.34,48.2,81,0,11.41,clear sky
487,Belyy Yar,RU,53.6,91.39,50.0,93,0,3.56,clear sky
488,Noumea,NC,-22.28,166.46,73.0,94,90,2.24,light rain
489,Sinnamary,GF,5.38,-52.95,80.6,79,18,7.72,light rain
490,Nagato,JP,34.38,131.2,77.0,88,75,5.82,broken clouds
491,Ankang,CN,32.68,109.02,72.64,82,92,2.44,overcast clouds
492,Bairiki,KI,1.33,172.98,84.2,74,75,9.17,broken clouds
493,Santa Vitoria Do Palmar,BR,-33.52,-53.37,48.43,66,0,6.62,clear sky
494,Marzuq,YE,14.4,46.47,82.83,48,59,5.86,broken clouds
495,Olafsvik,IS,64.89,-23.71,50.58,66,22,7.14,few clouds
496,Mocuba,MZ,-16.84,36.99,64.98,88,56,4.07,broken clouds
497,Amahai,ID,-3.33,128.92,76.37,85,61,5.3,light rain
498,Nabire,ID,-3.37,135.48,73.94,89,65,3.91,moderate rain
499,Nelson Bay,AU,-32.72,152.15,52.0,61,76,20.8,broken clouds
500,Mirandopolis,BR,-21.13,-51.1,61.93,56,1,10.47,clear sky
501,Sao Felix Do Xingu,BR,-6.64,-51.99,84.96,29,11,1.79,few clouds
502,Narsaq,GL,60.92,-46.05,53.6,62,20,5.82,few clouds
503,Qasigiannguit,GL,68.82,-51.19,46.4,61,0,2.24,clear sky
504,Maraa,BR,-1.83,-65.37,80.58,63,0,1.83,clear sky
505,Den Helder,NL,52.96,4.76,68.0,68,90,23.04,overcast clouds
506,Carauari,BR,-4.88,-66.9,79.99,54,0,1.97,clear sky
507,Bexhill,AU,-28.77,153.35,53.6,40,0,11.41,clear sky
508,Palmer,US,42.16,-72.33,87.8,40,20,12.75,few clouds
509,Hay River,CA,60.82,-115.8,52.11,84,100,9.95,overcast clouds
510,San Onofre,CO,9.74,-75.53,82.67,79,80,7.18,broken clouds
511,Caraquet,CA,47.79,-64.94,73.4,35,20,10.29,few clouds
512,Chivay,PE,-15.64,-71.6,51.39,46,55,8.55,light rain
513,Sol-Iletsk,RU,51.16,54.99,54.64,78,9,9.37,clear sky
514,Lazarev,RU,52.23,141.51,58.46,89,68,11.25,broken clouds
515,Camacupa,AO,-12.02,17.48,69.39,43,80,1.19,broken clouds
516,Poya,NC,-21.35,165.15,72.57,74,35,4.14,scattered clouds
517,Zacapu,MX,19.83,-101.72,71.01,88,90,2.24,moderate rain
518,Poso,ID,-1.4,120.75,77.05,71,84,6.29,broken clouds
519,Maloarkhangelsk,RU,52.4,36.5,57.15,82,1,3.42,clear sky
520,Nanlong,CN,31.35,106.06,73.54,93,91,8.25,light rain
521,Buala,SB,-8.14,159.59,82.98,77,100,11.21,moderate rain
522,Belomorsk,RU,64.52,34.77,61.07,72,91,7.78,overcast clouds
523,Athabasca,CA,54.72,-113.29,61.84,76,100,13.15,overcast clouds
524,Parrita,CR,9.52,-84.32,75.2,73,75,9.17,broken clouds
525,Iskateley,RU,67.68,53.15,49.26,86,53,3.49,broken clouds
526,Massaguet,TD,12.48,15.44,75.2,94,40,8.05,scattered clouds
527,Tiarei,PF,-17.53,-149.33,80.6,69,40,4.7,scattered clouds
528,Gemena,CD,3.25,19.77,69.94,97,100,2.04,overcast clouds
529,Shenjiamen,CN,29.96,122.3,80.11,86,0,7.02,clear sky
530,Ashington,GB,50.93,-0.39,63.0,3,4,15.17,clear sky
531,Mbalmayo,CM,3.52,11.5,73.4,94,40,4.7,scattered clouds
532,Bay Roberts,CA,47.6,-53.26,68.0,66,0,5.01,clear sky
533,Lasa,IT,46.62,10.7,59.0,100,5,3.36,clear sky
534,Pailon,BO,-17.65,-62.75,66.2,39,75,5.82,broken clouds
535,Bose,IT,45.46,8.01,77.0,67,2,5.99,clear sky
536,Diamantino,BR,-14.41,-56.45,73.33,42,1,5.95,clear sky
537,Mangochi,MW,-14.48,35.26,65.3,75,78,10.04,broken clouds
538,Paralimni,CY,35.04,33.98,82.0,69,0,2.24,clear sky
539,Prince Rupert,CA,54.32,-130.32,59.0,82,90,11.41,overcast clouds
540,Monrovia,LR,6.3,-10.8,77.0,94,75,10.22,light rain
541,Sorland,NO,67.67,12.69,56.43,92,100,19.39,overcast clouds
542,Marawi,PH,8.0,124.29,73.99,91,47,3.0,scattered clouds
543,Chamrajnagar,IN,11.92,76.95,70.57,91,71,2.8,broken clouds
544,Tukrah,LY,32.53,20.58,79.07,73,0,14.45,clear sky
545,Liverpool,GB,53.41,-2.98,60.01,65,92,1.99,light rain
546,Zhigansk,RU,66.77,123.37,40.69,77,60,17.38,broken clouds
547,Barra Patuca,HN,15.8,-84.28,84.72,79,99,12.03,overcast clouds
548,Krutinka,RU,56.01,71.51,52.74,95,84,9.62,broken clouds
549,Pozo Colorado,PY,-23.49,-58.8,55.96,48,0,4.23,clear sky
550,Cedar City,US,37.68,-113.06,91.4,18,1,16.11,clear sky
551,Bulgan,MN,48.81,103.53,52.39,69,22,3.89,few clouds
552,Pitimbu,BR,-7.47,-34.81,75.2,88,20,8.05,few clouds
553,Pergamino,AR,-33.89,-60.57,60.01,30,0,1.99,clear sky
554,Ust-Koksa,RU,50.27,85.61,47.41,63,96,2.42,overcast clouds
555,Grand-Santi,GF,4.25,-54.38,83.26,55,93,0.69,overcast clouds
556,Tamiahua,MX,21.27,-97.45,88.23,64,15,9.75,few clouds
557,Veraval,IN,20.9,70.37,81.91,85,100,18.86,light rain
558,Jalu,LY,29.03,21.55,83.08,38,0,19.44,clear sky
559,Zhaotong,CN,27.32,103.72,59.4,92,8,3.89,clear sky
560,Takoradi,GH,4.88,-1.76,74.91,90,11,6.44,few clouds
561,Bissora,GW,12.22,-15.45,76.14,92,89,4.83,overcast clouds
562,Ntchisi,MW,-13.53,33.91,52.11,92,27,5.23,scattered clouds
563,Tiznit,MA,29.58,-9.5,90.05,25,63,1.21,broken clouds
564,Huarmey,PE,-10.07,-78.15,65.64,70,39,9.84,scattered clouds
565,Belmonte,BR,-15.86,-38.88,69.8,88,90,3.36,overcast clouds
566,Dedougou,BF,12.47,-3.47,74.21,85,78,2.13,broken clouds
567,Gat,IL,31.61,34.76,78.01,35,0,1.99,clear sky
568,Bria,CF,6.54,21.99,70.41,96,100,3.47,light rain
569,Garowe,SO,8.41,48.48,80.82,48,100,20.49,overcast clouds
570,Bara,NG,10.37,10.73,75.58,85,98,5.21,overcast clouds
571,Muroto,JP,33.28,134.15,75.2,94,75,8.05,broken clouds
572,Sechura,PE,-5.56,-80.82,71.55,57,12,16.62,few clouds
573,Port Lincoln,AU,-34.73,135.87,48.63,66,65,9.8,broken clouds
574,Araouane,ML,18.9,-3.53,101.95,20,98,15.3,overcast clouds
575,Taman,RU,45.21,36.72,69.8,73,20,8.95,few clouds
576,Krasnyy Chikoy,RU,50.36,108.75,52.27,88,1,2.48,clear sky
577,Prado,BR,-17.34,-39.22,70.12,76,94,9.4,overcast clouds
578,Kultuk,RU,51.72,103.7,53.33,82,82,3.15,broken clouds
579,Tholen,NL,51.53,4.22,64.4,72,90,11.41,overcast clouds
580,Mayo,US,38.89,-76.51,82.0,78,1,10.29,clear sky
581,Tezu,IN,27.92,96.17,75.58,76,65,2.68,broken clouds
582,Muzhi,RU,65.37,64.67,49.78,83,18,10.45,few clouds
583,Price,US,39.6,-110.81,96.8,11,1,11.41,clear sky
584,Matagami,CA,49.75,-77.63,71.6,56,1,5.06,clear sky
585,Iwaki,JP,37.05,140.88,81.0,89,100,1.01,overcast clouds
586,Darlowo,PL,54.42,16.41,68.0,73,25,9.71,scattered clouds
587,Alyangula,AU,-13.85,136.42,57.2,93,0,18.63,clear sky
588,Walvis Bay,NA,-22.96,14.51,67.39,23,0,5.06,clear sky
589,Isangel,VU,-19.55,169.27,78.8,78,20,9.17,few clouds
590,Vavatenina,MG,-17.47,49.2,62.55,94,29,2.75,light rain
591,Alegrete,BR,-29.78,-55.79,50.65,67,0,9.48,clear sky
592,Amudat,UG,1.95,34.95,70.05,73,97,1.36,overcast clouds
593,Svetlaya,RU,46.54,138.33,64.65,73,99,3.2,overcast clouds
594,Dauphin,CA,51.15,-100.05,69.8,77,90,5.82,overcast clouds
595,Ibotirama,BR,-12.19,-43.22,83.5,29,33,3.96,scattered clouds
596,Aykhal,RU,66.0,111.5,41.0,80,13,4.47,few clouds
597,Angoche,MZ,-16.23,39.91,71.28,77,63,13.87,broken clouds
598,Port Blair,IN,11.67,92.75,82.22,78,100,10.85,overcast clouds
599,Itarema,BR,-2.92,-39.92,77.81,75,0,12.84,clear sky
600,Reus,ES,41.16,1.11,81.0,88,20,4.07,few clouds
601,Houma,US,29.6,-90.72,93.99,52,40,9.17,scattered clouds
602,Manavalakurichi,IN,8.13,77.3,82.4,88,20,2.24,mist
603,Suzhou,CN,31.31,120.62,86.0,70,0,5.93,clear sky
604,Letterkenny,IE,54.95,-7.73,54.07,93,31,4.74,scattered clouds
605,Primorsk,UA,46.73,36.34,68.07,50,22,14.32,few clouds
606,Biak,ID,-0.91,122.88,75.31,80,60,7.45,broken clouds
607,Tokmak,UA,47.25,35.71,62.15,55,3,8.86,clear sky
608,Bam,IR,29.11,58.36,91.06,26,52,5.14,broken clouds
609,Kaman,IN,27.65,77.27,80.02,83,24,9.57,few clouds
610,Mongu,ZM,-15.25,23.13,65.28,39,0,8.21,clear sky
611,Savannah Bight,HN,16.45,-85.85,84.7,74,88,10.96,overcast clouds
612,Corn Island,NI,12.17,-83.04,82.15,76,0,7.52,clear sky
613,Murmansk,RU,68.0,34.0,55.02,93,49,5.73,scattered clouds
614,El Copey,CO,10.15,-73.96,75.0,88,89,1.92,light rain
615,Santiago Del Estero,AR,-27.8,-64.26,62.8,27,0,10.22,clear sky
616,Mezen,RU,65.85,44.24,55.31,91,0,3.18,clear sky
617,Corcoran,US,36.1,-119.56,96.01,36,90,4.7,haze
618,Vrangel,RU,42.73,133.08,64.8,75,15,3.76,few clouds
619,Nhulunbuy,AU,-12.23,136.77,75.2,64,0,10.29,clear sky
620,Opuwo,NA,-18.06,13.84,56.68,37,0,3.71,clear sky
621,Tessalit,ML,20.2,1.01,97.48,19,88,7.18,overcast clouds
622,Kununurra,AU,-15.77,128.73,66.2,25,10,1.12,clear sky
623,Tongliao,CN,43.61,122.27,62.11,70,71,10.69,broken clouds
624,Tera,NE,14.01,0.75,83.19,58,33,14.99,scattered clouds
625,Shizunai,JP,42.33,142.37,66.87,69,74,2.93,broken clouds
626,Zhuhai,CN,22.28,113.57,82.99,88,20,2.24,few clouds
627,Svetlyy,RU,54.67,20.13,68.0,94,75,6.71,broken clouds
628,Barranca,PE,-10.75,-77.77,62.78,76,27,9.01,scattered clouds
629,Burnie,AU,-41.07,145.92,45.0,69,19,21.99,few clouds
630,Goundam,ML,16.41,-3.67,85.17,54,97,17.58,overcast clouds
631,Sur,OM,22.57,59.53,81.86,73,100,10.58,overcast clouds
632,Dubai,AE,25.26,55.3,91.4,63,100,13.87,overcast clouds
633,Sakakah,SA,29.97,40.21,82.4,23,0,5.82,clear sky
634,Lachi,PK,33.38,71.34,88.12,58,34,2.17,scattered clouds
635,Presidente Epitacio,BR,-21.76,-52.12,59.65,72,0,8.08,clear sky
636,Ballina,AU,-28.87,153.57,53.6,48,0,9.17,clear sky
637,Ruwi,OM,23.6,58.55,86.0,79,90,2.24,overcast clouds
638,Vilhena,BR,-12.74,-60.15,75.2,44,11,11.41,few clouds
639,Pringsewu,ID,-5.36,104.97,72.54,86,42,0.16,scattered clouds
640,Kaupanger,NO,61.18,7.24,58.21,74,92,4.7,light rain
641,Diu,IN,20.71,70.98,80.91,86,100,19.53,moderate rain
642,Salto De Agua,MX,17.62,-92.37,89.6,70,75,10.29,haze
643,Lere,NG,10.39,8.57,69.06,94,75,2.48,broken clouds
644,Cermik,TR,38.14,39.45,69.8,43,0,13.87,clear sky
645,Pitsunda,GE,43.16,40.34,66.2,82,20,11.18,few clouds
646,Toora-Khem,RU,52.47,96.11,40.23,89,0,0.67,clear sky
647,Poim,RU,53.03,43.19,52.97,80,0,5.21,clear sky
648,Ibiruba,BR,-28.63,-53.09,46.99,77,0,5.26,clear sky
649,Helong,CN,42.54,129.0,63.61,84,84,1.63,broken clouds
650,Maine-Soroa,NE,13.21,12.02,84.94,50,100,8.77,overcast clouds
651,Macia,MZ,-25.03,33.1,57.79,95,0,4.94,clear sky
652,Charters Towers,AU,-20.1,146.27,56.84,38,30,14.92,scattered clouds
653,Barsovo,RU,61.17,73.17,51.8,100,40,4.47,scattered clouds
654,Xinqing,CN,48.23,129.5,56.82,81,96,3.0,overcast clouds
655,Henties Bay,NA,-22.12,14.28,64.17,37,0,7.85,clear sky
656,Guerrero Negro,MX,27.98,-114.06,87.93,44,0,17.94,clear sky
657,Umba,RU,66.69,34.34,61.41,77,95,10.85,overcast clouds
658,Garden City,US,42.33,-83.33,89.01,43,20,12.75,few clouds
659,Callaguip,PH,18.07,120.49,75.2,100,75,2.24,broken clouds
660,Vary,UA,48.12,22.71,64.4,93,0,3.06,clear sky
661,Axim,GH,4.87,-2.24,74.84,91,12,5.95,few clouds
662,Wichian Buri,TH,15.66,101.11,75.96,92,100,3.49,overcast clouds
663,Kayes,ML,14.0,-11.0,87.8,74,20,6.93,few clouds
664,Aleksandrovsk,RU,59.16,57.56,45.01,94,64,2.89,broken clouds
665,Yumen,CN,40.28,97.2,64.44,41,6,10.94,clear sky
666,Lakes Entrance,AU,-37.88,147.98,48.0,79,75,1.99,light rain
667,Nyimba,ZM,-14.56,30.81,62.65,64,1,11.43,clear sky
668,Lavrentiya,RU,65.58,-171.0,46.53,95,99,5.73,light rain
669,Weatherford,US,32.76,-97.8,95.0,44,0,4.0,clear sky
670,Esmeralda,CU,21.85,-78.12,87.8,70,52,8.05,light rain
671,Aitape,PG,-3.14,142.35,79.66,83,17,3.94,few clouds
672,Beaverlodge,CA,55.22,-119.44,64.4,45,75,20.8,broken clouds
673,Aromashevo,RU,56.86,68.64,53.49,94,86,7.05,overcast clouds
674,Ismailia,EG,30.6,32.27,73.4,91,0,2.01,clear sky
675,Ustynivka,UA,47.96,32.54,63.3,63,0,8.14,clear sky
676,El Carrizo,MX,24.03,-106.88,91.0,74,21,8.01,few clouds
677,Twentynine Palms,US,34.14,-116.05,105.01,28,1,10.29,clear sky
678,Taree,AU,-31.9,152.47,53.6,54,0,18.34,clear sky
679,Gerede,TR,40.8,32.2,50.92,92,0,1.97,clear sky
680,Shinjo,JP,38.76,140.3,73.24,87,100,2.08,overcast clouds
681,Ondjiva,AO,-17.07,15.73,63.5,28,16,7.2,few clouds
682,Shalakusha,RU,62.22,40.25,56.91,82,94,3.29,overcast clouds
683,Kyra,RU,49.58,111.98,51.69,87,0,2.75,clear sky
684,Faya,SA,18.39,42.45,71.6,73,2,2.64,clear sky
685,Nehe,CN,48.48,124.83,58.64,74,99,6.67,overcast clouds
686,Verkhoyansk,RU,67.54,133.38,39.67,73,81,2.73,broken clouds
687,Riyadh,SA,24.69,46.72,96.8,13,44,6.93,scattered clouds
688,Inta,RU,66.03,60.17,42.94,94,16,4.63,few clouds
689,Kuandian,CN,40.73,124.78,66.87,95,100,3.0,light rain
690,Iracoubo,GF,5.48,-53.2,79.77,82,8,7.45,light rain
691,Rio Cuarto,AR,-33.13,-64.35,64.4,11,0,25.28,clear sky
692,Ciudad Bolivar,VE,8.12,-63.55,86.77,62,32,0.25,scattered clouds
693,Sao Gabriel Da Cachoeira,BR,-0.13,-67.09,82.76,67,39,2.51,scattered clouds
694,Lejanias,CO,3.53,-74.02,74.62,81,100,2.44,light rain
695,Point Pedro,LK,9.82,80.23,81.21,81,59,15.93,broken clouds
696,Nizhnyaya Tavda,RU,57.67,66.17,50.32,97,85,6.55,overcast clouds
697,Praya,CV,14.92,-23.51,80.6,78,20,6.93,few clouds
698,Miranda Do Corvo,PT,40.09,-8.33,64.99,86,0,4.63,clear sky
699,Tigil,RU,57.8,158.67,51.15,66,92,3.65,overcast clouds
700,Zelenogorskiy,RU,55.03,87.0,53.6,87,86,4.47,overcast clouds
701,Calmar,CA,53.27,-113.82,68.0,56,75,14.99,broken clouds
702,Padang,ID,-0.95,100.35,77.88,78,100,3.13,overcast clouds
703,Samoylovka,RU,51.18,43.71,55.0,70,82,1.99,broken clouds
704,Praia,CV,14.92,-23.51,80.6,78,20,6.93,few clouds
705,Auki,SB,-8.77,160.7,82.54,75,100,5.77,overcast clouds
706,Kodinsk,RU,58.69,99.18,59.23,92,100,6.11,light rain
707,Doschatoye,RU,55.38,42.11,53.04,85,0,2.19,clear sky
708,Mafra,BR,-26.11,-49.81,41.0,90,32,4.61,scattered clouds
709,Kabanjahe,ID,3.1,98.49,75.2,100,40,2.24,mist
710,Qostanay,KZ,53.17,63.58,55.4,93,0,6.71,clear sky
711,Luangwa,ZM,-15.62,30.42,67.01,59,0,9.31,clear sky
712,Fenyi,CN,27.81,114.67,76.14,91,15,0.81,moderate rain
713,Chalon-Sur-Saone,FR,46.78,4.85,66.2,82,41,2.24,scattered clouds
714,Abonnema,NG,4.71,6.79,75.2,94,75,3.36,broken clouds
715,Flinders,AU,-34.58,150.86,51.01,54,3,7.0,clear sky
716,Lyuban,BY,52.8,28.0,60.06,87,4,8.48,clear sky
717,Burns Lake,CA,54.23,-125.75,60.94,47,78,14.12,broken clouds
718,Tonantins,BR,-2.87,-67.8,79.81,63,0,2.44,clear sky
719,Greytown,ZA,-29.06,30.59,51.31,42,0,2.77,clear sky
720,Englewood,US,39.65,-104.99,96.01,8,20,5.82,haze
721,Umm Lajj,SA,25.02,37.27,82.63,71,0,5.17,clear sky
722,College,US,64.86,-147.8,72.0,46,40,8.05,scattered clouds
723,Port Said,EG,31.26,32.28,80.6,83,40,5.82,scattered clouds
